,url,title,salary,company_name,company_verified,adress,employment_mode,experience,parttime,accept_temporary,description,creation-time,tag
0,https://nn.hh.ru/vacancy/51430971?from=vacancy_search_list&query=golang+junior&hhtmFrom=vacancy_search_list,Junior Backend Developer,з/п не указана,ООО Смартфорс,False,"Омск, улица Фрунзе, 80","Полная занятость, полный день",1–3 года,False,False,"Мы группа разработчиков-энтузиастов SmartForce, наша основная специализация – тюнинг продуктов Atlassian (Jira, Bitbucket, Confluence). Наши программные решения позволяют расширить базовый функционал и сделать разработку удобнее. Что нужно делать:  разрабатывать и внедрять новый функционал в популярном продукте; обеспечивать синхронизацию внешних репозиториев пользователей; работать с Atlassian API и GitHub API; улучшать существующие приложения; участвовать в разработке архитектуры новых приложений.  Наш стек: Java / Atlassian SDK / Golang / Node.js / Docker / Git (Github, Bitbucket) / Github Actions / AWS (EC2, S3). Что мы хотим увидеть:  опыт работы с любым бэкенд языком (Java, C ++ / C, Go и др.); умение работать в и с Linux; понимание принципов ООП; инженерное мышление; английский на уровне чтения тех. документации и переписки с носителями языка.  Мы предлагаем - трудоустройство по ТК (полностью белая заработная плата), оплату зависящую от скиллов, гибкий график, позитивную команду, офис в центре города, гибкий подход. Если тебя привлекает возможность сделать вклад в продукт и прокачать свой профессиональный опыт, мы с радостью примем в команду, поделимся своей экспертизой и откроем новые возможности. Уважаемые соискатели, обратите внимание! Наша вакансия предполагает работу из офиса в Омске. Мы готовы принять на работу выпускника или студента технического вуза в том числе. Для успешного трудоустройства необходимо выполнить тестовое задание и успешно пройти техническое собеседование.",2022-01-20,['Английский\xa0— B1 — Средний']
1,https://nn.hh.ru/vacancy/48563112?from=vacancy_search_list&query=golang+junior&hhtmFrom=vacancy_search_list,Junior Golang Developer,до 130 000 руб. на руки,FBS,False,Санкт-Петербург,"Полная занятость, полный день",1–3 года,False,False,"Финтех-компания FBS – разработчик программного обеспечения для инвестирования. С 2009 года наши продукты помогают людям со всего мира освоить сферу онлайн-торговли.Мы работаем по полному циклу: разрабатываем, поддерживаем и продвигаем в 150 странах наши приложения и сайты, используя высокотехнологичные IT-решения и прогрессивные маркетинговые стратегии.Сегодня наша команда — это 500+ человек в 19 странах мира. Мультиязычная поддержка FBS работает в режиме 24/7 с 17 миллионами клиентов. Основные регионы присутствия FBS: Азия, Южная Америка, Африка, Европа, Океания. Сейчас мы планируем увеличить свою команду Go разработчиков в 3 раза, поэтому готовы обучать новых специалистов. Что предстоит делать:   Разрабатывать Backend для приложений в виде API;   Продумывать и реализовывать функционал для обмена данными в режиме реального времени;   Обрабатывать данные и события по миллионам клиентов;   Осуществлять обработку и хранение большого объёма real-time данных;   Разрабатывать программные и архитектурные решения для увеличения выдерживаемой нагрузки.   Техническая сторона:   Golang (у нас микросервисы)   PostgreSQL;   RabbitMQ;   Redis;   ClickHouse.   Для нас важно, чтобы наш коллега:   Имел опыт программирования на Golang или желание развиваться в нем;   Умел работать с большим объёмом информации и быстро погружаться во всё новое;   Как плюс знал SQL, идеологию git и умел применять ее на практике.   Мы готовы предложить: Стабильность. Белая зарплата, которая зависит только от тебя. Продвинутая система бенефитов.Комфорт. Гибридный график - можно совмещать работу в офисе с удаленкой. Гибкое начало рабочего дня. Приятная атмосфера в мультикультурном офисе и насыщенная корпоративная жизнь.Развитие. Внутреннее обучение, участие в семинарах, конференциях, корпоративная библиотека, языковые курсы в офисе.Офис. 3 мин. пешком от м. Чкаловская, зоны отдыха, самокаты, массажное кресло, настолки, PS4, кикер. На кухнях всегда есть не только сладости и пицца, но и свежие фрукты и овощи.Релокация. Если ты переезжаешь из другого города, мы компенсируем стоимость билета до Санкт-Петербурга и первый месяц аренды жилья, а также поможем иностранцам с оформлением документов. Welcome to FBS!",2022-01-21,['Golang']
2,https://nn.hh.ru/vacancy/50950628?from=vacancy_search_list&query=golang+junior&hhtmFrom=vacancy_search_list,IOS разработчик (junior),до 100 000 руб. на руки,ООО Гора Студио,False,"Спортивная, Чкаловская, Санкт-Петербург, Большой проспект Петроградской стороны, 29А","Полная занятость, полный день",1–3 года,False,False,"Компания GORA Studio ищет талантливого разработчика мобильных приложений iOS (Swift), который умеет делать приложения быстрыми, простыми и отказоустойчивыми. Расширяем команду для реализации новых проектов.У нас интересные задачи и нет бюрократии.Верим в best practices и применяем их в разработке. Что предстоит делать:  разбивать крупные задачи на этапы и подзадачи писать качественный код на Swift взаимодействовать с backend-разработчиками, UX/UI-дизайнерами, project-менеджерами и тестировщиками уметь оценивать задачи и укладываться в дедлайны  Минимальные требования:  отличное знание Swift опыт разработки под iOS от 1 года придерживаться SOLID и Clean Architecture уметь использовать библиотеки и технологии Realm/CoreData, Google Maps API, Alomofire, CocoaPods, Firebase внедрять и анализировать Google Analytics (Firebase) опыт работы с GitHub или Bitbucket обязательно Jira технический английский язык (иногда чтение документации или ТЗ)  Плюсом будет, если:  есть приложения в AppStore (свои или совместные с прошлых работ) работали с ARKit (дополненная реальность) умеете писать Unit-тесты для своих приложений сверстаете все, что нужно из Figma есть понимание основ разработки backend (golang, java) и баз данных (PostgreSQL) знаете другие языки программирования  Мы предлагаем:  адекватная заработная плата по результатам собеседования и пересмотром по мере роста сотрудника разумный и дружелюбный коллектив официальное трудоустройство с первого дня прекрасный офис на Петроградской чай/кофе/плюшки/корпоративы/тимбилдинги за наш счет всегда гибкое начало и конец рабочего дня возможность иногда работать из дома востребованные и полезные проекты для рынка ",2022-01-20,['Swift']
3,https://nn.hh.ru/vacancy/48726183?from=vacancy_search_list&query=golang+junior&hhtmFrom=vacancy_search_list,Младший Golang разработчик,от 50 000 до 70 000 руб. на руки,АО Эшелон Технологии,False,"Москва, Электрозаводская улица, 24","Полная занятость, гибкий график",1–3 года,False,False,"В нашей расширяющейся команде открыта вакансия младшего golang-разработчика для развития и сопровождения ПО в области защищенности и аудита ИБ. Обязанности:  разработка нового функционала; участие в разработке REST API и WebSocket API.  Требования:  знание одного или нескольких языков (Go, Java, C/C++); знание алгоритмов и структур данных.  Будет плюсом:  понимание многопоточности; опыт работы с NoSQL базами данных; Linux - свободное использование в разработке, владение командной строкой; понимание принципов работы компьютерных сетей, принципов обеспечения сетевой безопасности; опыт руководства в разработке ПО; широкий кругозор в ИТ и ИБ.  Условия:  полный рабочий день в офисе; гибкое планирование своего рабочего дня; заработная плата по результатам собеседования; оформление по ТК; офис в 12 минутах ходьбы от м. Электрозаводская или Преображенская площадь; оплата мобильной связи; повышение квалификации в учебном центре компании; молодой, активный и профессиональный коллектив. ",2022-01-22,['Go']
4,https://nn.hh.ru/vacancy/50220128?from=vacancy_search_list&query=golang+junior&hhtmFrom=vacancy_search_list,Junior Go разработчик (Core Team),от 50 000 руб. на руки,amoCRM,False,"Таганская, Москва, Николоямская улица, 28/60","Полная занятость, полный день",не требуется,False,False,"amoCRM - стабильная и динамично развивающаяся IT-компания, более 10-ти лет на международном рынке, один из лидеров в области разработки системы учёта клиентов. Мы разрабатываем облачную CRM-систему для автоматизации работы отделов продаж и помогаем нашим клиентам вести их бизнес. Мы разрабатываем большую систему, состоящую из множества сервисов, которые находятся под большой нагрузкой (десятки тысяч запросов в секунду). Многие из наших сервисов написаны на Go. Мы ищем в московский офис в продуктовую команду начинающих go-разработчиков, которые хотят раскрыть свой потенциал и быстро развить свои скиллы. Мы открыты к сотрудничеству с разработчиками разного уровня. Вы можете ещё учиться в ВУЗ-е - мы готовы рассмотреть кандидатов с гибким графиком (но не менее 30-ти рабочих часов в неделю). Даже если у вас нет коммерческого опыта, но есть свои проекты, вы хотите развиваться и получать новые компетенции - мы обязательно рассмотрим ваше резюме! Что вас ждёт?  Проектирование и разработка нового функционала, исправление ошибок в существующем; Возможность познакомиться и разобраться с большим, высоконагруженным проектом и его архитектурой; Возможность гибкого графика, чтобы совмещать работу с учебой (от 30-ти часов в неделю); Работа в команде профессионалов; Адекватное финансовое вознаграждение; Быстрый рост в компании по мере роста компетенций.  Требования к кандидату:  Минимальный опыт разработки на Golang, при этом опыт может быть не коммерческим, но должны быть логически завершенные проекты, которые покажут, что вы увлеченно, пусть даже дома для себя, развиваетесь и пишите приложения на Golang Базовые знания реляционных баз данных Стремление учиться и развиваться  Будет преимуществом, если вы:  Знаете основы Git  Работали с протоколами gRPC, Rest, TCP, Websocket, HTTP   Умеете профилировать запросы (Opentracing, jaeger)   Работали с Docker/Kubernetes   Участвовали в разработке высоконагруженных сервисов на языке Golang   Умеете структурно мыслить, а также умеете разбивать проект на подзадачи   Условия работы:  Работа в офисе в центре Москвы в шаговой доступности от м. Таганская; График 5/2, начало рабочего дня в промежуток с 10 до 11 утра; Возможность гибкого графика, чтобы совмещать работу с учебой (но не менее 30-ти часов в неделю); Работа над интересным международным проектом в технически сильной команде; Возможность карьерного и профессионального роста; Без бюрократии, без дресс-кода; Бесплатные печенье, чай, кофе; 50% компенсация питания в офисе. ",2022-01-22,['Docker']
5,https://nn.hh.ru/vacancy/50144902?from=vacancy_search_list&query=golang+junior&hhtmFrom=vacancy_search_list,Junior Backend-разработчик,от 30 000 до 60 000 руб. на руки,ООО НЕОСОФТ,False,"Самара, Ново-Садовая улица, 44","Полная занятость, гибкий график",1–3 года,False,False,"НЕОСОФТ – это российская ИТ-компания, специализирующаяся на разработке в сфере E-Commerce. Мы являемся основным исполнителем работ по разработке новой платформы для уже существующего маркетплейса федерального масштаба и нам нужно больше светлых голов и горящих сердец. Компания открыта для целеустремленных людей, которые стремятся к новым знаниям, постоянному развитию и не избегают сложных задач! У нас работает команда профессионалов по направлениям: разработки, аналитики, тестирования, внедрения и техподдержки. Мы готовы рассмотреть кандидатов со знаниями других технологий: C#, C++, Java, Python,а так же fronend разработчиков желающий освоить backend Что для нас важно:  Node.js JavaScript TypeScript SQL (MySQL/Postgresql) Git  Чем придется заниматься:  Асинхронный, синхронный JS/TS (или желание его освоить) SQL (или желание его освоить) Серверный JS/TS (NodeJS/Express) Разработка ведется на typescript (потому обязательно готовность его освоить)  Условия труда:  Работа в просторном комфортном офисе в центре города (5 минут от ст.метро Алабинская) Современное оборудованное рабочее место Работа в коллективе профессионалов, дружественная атмосфера, без бюрократии Интересные задачи и проект Корпоративная библиотека Оформление по ТК РФ Возможность выбрать график работы  Почему стоит работать у нас?  Прокачаешь свои скилы в разработке веб-сервисов на Node.js Возможность обоснованно влиять на стратегические планы и используемые технологии (работа с владельцами напрямую) У нас действительно много сложных, интересных и масштабных задач  Заинтересовало? Откликнись на вакансию!",2022-01-21,['PHP']
6,https://nn.hh.ru/vacancy/50425552?from=vacancy_search_list&query=golang+junior&hhtmFrom=vacancy_search_list,Разработчик (Junior) Golang. C#,от 50 000 руб. на руки,ООО Верхний Уровень Автоматизации,False,Казань,"Полная занятость, полный день",не требуется,False,False,"Мы – компания систем автоматизации зданий специализирующаяся на разработке собственных систем. На рынке более 10 лет. В связи с развитием компании, набираем в команду разработчиков. Работа предстоит интересная. Разработка и внедрение на крупных объектах. Обязанности:  разрабатывать функционал в рамках поставленных задач (Golang, C#); задачи по автоматизации баг фиксы настройка разработанных систем  Требования:  знание Golang, C#; умение разбираться в чужом коде; плюсом будет умение работать с базой данных;  Условия:   на время стажировки (2 недели) - 10 000 рублей.   график работы 5/2 - с 9:00 до 18:00 по МСК;   у нас есть своя база знаний, регулярные планерки, на которых мы обсуждаем план работы, задаем вопросы и разбираем задачи;   оплачиваемый отпуск   оклад на испытательный срок (2, 3 месяц) - 40 000 руб. на руки   оклад после испытательного срока - 50 000 руб. на руки   Работа в офисе!   Знание указанных языков программирования или желание работать с ними обязательны. В рамках отбора будет предложено два тестовых задания, по результатам которого мы приглашаем Вас в офис для знакомства.",2022-01-20,['Английский\xa0— A1 — Начальный']
7,https://nn.hh.ru/vacancy/50866957?from=vacancy_search_list&query=golang+junior&hhtmFrom=vacancy_search_list,Junior Backend Developer,з/п не указана,ООО Смартвэй,False,"Пенза, Московская улица, 39","Полная занятость, полный день",1–3 года,False,False,"Кто мы: Smartway - первый разработчик IT решений для управления командировками в России. Сейчас у нас более 4 500 клиентов среди среднего и крупного российского бизнеса, планируем в течение трех лет удвоить этот показатель. Входим в топ-3 крупнейших бизнес-travel компаний в России. Являемся резидентами технопарка ""Сколково"". В январе 2018 года стратегическим акционером компании стал холдинг “1С”, что позволило нам ускорить развитие сервиса. Наши клиенты - это компании лидеры в своих сферах, например: Додо Пицца, Тинькофф, Деловые Линии, HeadHunter, М.Видео. Нас уже более 200 человек в команде на два офиса в Пензе и в Москве. Почему мы?  Мы активно инвестируем в разработку и компетенции своих сотрудников. Работаем в небольших кросс-функциональных командах, поэтому все сотрудники в равной степени участвуют во всех процессах. У нас нет лишней бюрократии, т.к. наша цель максимально быстро решать бизнес-задачи, а не готовить отчет о проделанной работе. Строим распределенные процессы, чтобы в дождливые дни можно было поработать из дома.  Наш стек: .Net / .Net Core, Golang, Docker, SQL, PostgreSQL, MongoDB, RabbitMQ, Elastic, Python. Вы нам подходите, если:  есть опыт и желание писать на .NET (C#), Golang; умеете работать с git; есть понимание принципов SOLID; есть опыт работы с СУБД; ответственно подходите к работе; дисциплинированы и самостоятельны; умеете работать в команде и слушать других людей; желаете развиваться и не боитесь делать то, с чем раньше не сталкивались; открыты к получению новых знаний.  Что мы предлагаем:  Полноценное использование ваших способностей на интересных и сложных задачах; Комфортный и современный офис; Оформление в соответствии с ТК РФ; Достойный уровень заработной платы; Возможности карьерного и профессионального роста; Скидки на покупку авиа, ж/д билетов и бронирование гостиниц для личных путешествий; Приятные мелочи, которые скрашивают рабочие будни. ",2022-01-22,['MS SQL']
8,https://nn.hh.ru/vacancy/51356344?from=vacancy_search_list&query=golang+junior&hhtmFrom=vacancy_search_list,Junior Golang Developer,з/п не указана,ООО СолбегСофт,False,Москва,"Полная занятость, полный день",1–3 года,False,False,"








Основанная в 2008 году, SolbegSoft предоставляет ИТ-услуги премиум-класса клиентам по всему миру. Обладая обширными технологическими знаниями и опытом в различных отраслях, мы разрабатываем высокотехнологичные решения, помогая компаниям оптимизировать бизнес-процессы, повышать производительность и тем самым достигать стратегических целей.Мы ищем Junior Golang Developer, который присоединится к нашей быстрорастущей команде. Мы приглашаем Вас в компанию, где Вы сможете работать над проектами в сферах здравоохранения, автомобилестроения, финансовых технологий, электронной коммерции, криптовалюты, управления объектами и т.д. Выбор проекта зависит как от предпочтений кандидата, так и от результатов собеседования. Требования:  Опыт работы разработчиком Golang от 3 месяцев (курс/демонстрационный проект). Понимание функциональных и объектно-ориентированных парадигм программирования. Понимание микросервисов. Знание принципов REST. Умение писать SQL-запросы, опыт работы с PostgreSQL/MySQL. Опыт работы с ГИТ. Базовые знания Линукс. Уровень английского – А2 и выше.  Будет плюсом:   Опыт работы с gin, viper, zerolog или подобными пакетами. Опыт работы с документоориентированными базами данных. Умение работать с Docker/Kubernetes.  Социальный пакет:   Гибкий график, возможность работать дома или в офисе.   Отличная медицинская страховка, включающая стоматологическую помощь.   Компенсация больничных согласно ТК РФ.   5 sick days.   28 календарных дней отпуска.   Своя корпоративная школа изучения английского языка “Easy English” или частичная компенсация ваших индивидуальных занятий с преподавателем.   Поддержка спортивных увлечений: компенсируем 50% от стоимости абонемента.   Поддержка психологического здоровья: частичная компенсация психологической помощи.   Обучающие проекты, профессиональные комьюнити и тренинги.   Социальные бонусы, поддерживающие сотрудников в важные периоды жизни.   Много праздников и подарков на Новый год, День рождения и не только.   Что такое SolbegSoft?   Стабильная компания с более чем 12-летней историей.   600+ сотрудников с офисами в Москве, Минске, Бресте, Варшаве, Нью-Йорке, Сан-Диего, Мумбаи.   Страсть к новым технологиям.   Опытная команда: средний возраст - 32 года.   Мультикультурная среда.   Забота об окружающей среде.   Баланс между работой и личной жизнью.  


                ООО ""СолбегСофт"", УНП 191271944
            

",2022-01-19,['Golang']
9,https://nn.hh.ru/vacancy/50748591?from=vacancy_search_list&query=golang+junior&hhtmFrom=vacancy_search_list,Стажер JS+Golang Fullstack,з/п не указана,NIX,False,"Харьков, улица Каразина, 2","Стажировка, полный день",не требуется,False,False,"Ты получишь отличную теоретическую базу от экспертов NIX Solutions и практические навыки в области Fullstack-разработки по направлению Go и VueJS. Go достаточно молодой язык, который сможет выучить любой начинающий. При этом Go используют многие мировые IT-корпорации и создают сложные программные решения. Со скилами после обучения ты можешь попробовать свои силы на вакансию Junior Go Developer в NIX Solutions. Обучение бесплатное. Набор в проект уже открыт. КОМУ ПОДОЙДЕТ?  новичкам, которые хотят начать свой путь в IT; начинающим разработчикам; специалистам из других сфер, желающим войти в IT.  ЧТО МЫ ОЖИДАЕМ ОТ ТЕБЯ:  знание теории о работе Интернета: из чего он состоит и как происходит обмен информацией в сети; понимание работы СУБД (любой, одной из), базовые знание SQL и принципов нормализации БД; базовые знания языка Go (как строить циклы, условия и т.д.); базовое понимание concurrency модели языка; базовые знания языка разметки HTML (основные теги, структура страницы); понимание работы любой системы контроля версий.  ЗА ВРЕМЯ ОБУЧЕНИЯ ТЫ:  узнаешь основы работы в окружении Linux; научишься устанавливать и настраивать web-серверы; будешь работать с Git; ознакомишься с HTML и CSS; узнаешь все про Golang и необходимые аспекты работы с языком; изучишь базы данных; получишь базовые знания о JavaScript; научишься работать с фреймворком VueJS, от основ до введения во Vuex; узнаешь и многое другое!  КАК ПОПАСТЬ НА ОБУЧЕНИЕ:  Необходимо заполнить резюме на сайте, как только будет открыт набор в проект. Пройти тестирование у нас или в вузе (следи за обновлениями в Телеграмме, Инстаграме или Фейсбуке); Пройти собеседование и получить положительный результат.  КАК ПРОХОДИТ ОБУЧЕНИЕ:  3 месяца; формат: 3 дня в неделю по 4 часа в офисе (формат обучения зависит от ситуации на момент старта и может быть изменен на онлайн); старт: ноябрь/декабрь.  ЧТО ДАЛЬШЕ: После успешного завершения обучения ты можешь попробовать свои силы на вакансию Junior Go Developer в NIX Solutions. Карантин — это не повод поставить жизнь на паузу! Заполняй краткое онлайн-резюме уже сейчас!",2022-01-22,['Git']
10,https://nn.hh.ru/vacancy/51367274?from=vacancy_search_list&query=golang+junior&hhtmFrom=vacancy_search_list,Junior Golang Developer,з/п не указана,ООО Лаборатория Цифрового Зрения,False,Санкт-Петербург,"Полная занятость, удаленная работа",1–3 года,False,False,"""Лаборатория Цифрового Зрения"" - резидент Сколково и ведущий разработчик программных и аппаратных решений в сфере безопасности дорожного движения. За 11 лет работы компания добилась присутствия более чем в 65 регионах. Нам доверяют исполнительные органы государственной власти, региональные власти и крупнейшие представители бизнеса. Мы постоянно растем, расширяемся, совершенствуем свои разработки и создаем новые, необходимые нашим клиентам. Сейчас мы в расширяем нашу команду и готовы пригласить специалистов с небольшим опытом в разработке на Golang. Чем нужно будет заниматься:   Участие в разработке backend-части информационной компании в роли младшего разработчика   Поддержка, доработка, исправление багов в существующем коде   Участие в разработке нового функционала   Выполнение повседневных задач по разработке ПО   Что для нас важно:   Опыт программирования на языке Golang   Опыт работы с PostgreSQL и другими базами данных   Умение работать с Git   Знание основ unix-систем   Желание писать качественный и поддерживаемый код   Желание развиваться в том, с чем раньше не сталкивались   Что предлагаем мы:  Оформление согласно ТК РФ с первого дня и достойную полностью белую з/п (уровень обсуждается на собеседовании) Режим работы: 5/2 с 10-00 до 18-30 (удаленно, либо офис в Белгороде, Спб, Волгограде или Красноярске - на выбор) Работу в современной компании, использующую алгоритмы машинного обучения, идеологию микросервисной архитектуры и активно использующую облачные сервисы для оптимизации процессов Коллектив профессионалов и экспертов в своей области Возможность развить карьеру в компании (за последние 3 года мы выросли в 2 раза по численности, в т.ч. повышая внутренних сотрудников) Неформальный стиль общения, дружелюбную обстановку и свободный дресс-код ",2022-01-19,['Golang']
11,https://nn.hh.ru/vacancy/50805155?from=vacancy_search_list&query=golang+junior&hhtmFrom=vacancy_search_list,Стажер Golang+JS Fullstack,з/п не указана,NIX,False,"Харьков, улица Каразина, 2","Частичная занятость, полный день",не требуется,Возможна подработка: сменами по 4-6 часов,False,"Ты получишь отличную теоретическую базу от экспертов NIX Solutions и практические навыки в области Fullstack-разработки по направлению Go и VueJS. Go достаточно молодой язык, который сможет выучить любой начинающий. При этом Go используют многие мировые IT-корпорации и создают сложные программные решения. Со скилами после обучения ты можешь попробовать свои силы на вакансию Junior Go Developer в NIX Solutions. Обучение бесплатное. Набор в проект уже открыт. КОМУ ПОДОЙДЕТ?  новичкам, которые хотят начать свой путь в IT; начинающим разработчикам; специалистам из других сфер, желающим войти в IT.  ЧТО МЫ ОЖИДАЕМ ОТ ТЕБЯ:  знание теории о работе Интернета: из чего он состоит и как происходит обмен информацией в сети; понимание работы СУБД (любой, одной из), базовые знание SQL и принципов нормализации БД; базовые знания языка Go (как строить циклы, условия и т.д.); базовое понимание concurrency модели языка; базовые знания языка разметки HTML (основные теги, структура страницы); понимание работы любой системы контроля версий.  ЗА ВРЕМЯ ОБУЧЕНИЯ ТЫ:  узнаешь основы работы в окружении Linux; научишься устанавливать и настраивать web-серверы; будешь работать с Git; ознакомишься с HTML и CSS; узнаешь все про Golang и необходимые аспекты работы с языком; изучишь базы данных; получишь базовые знания о JavaScript; научишься работать с фреймворком VueJS, от основ до введения во Vuex; узнаешь и многое другое!  КАК ПОПАСТЬ НА ОБУЧЕНИЕ:  Необходимо заполнить резюме на сайте, как только будет открыт набор в проект. Пройти онлайн-тестирование; Пройти собеседование и получить положительный результат.  КАК ПРОХОДИТ ОБУЧЕНИЕ:  продолжительность: 3 месяца; формат: 3 дня в неделю по 4 часа в офисе (формат обучения зависит от ситуации на момент старта и может быть изменен на онлайн); старт: февраль 2022 г.  ЧТО ДАЛЬШЕ: После успешного завершения обучения ты можешь попробовать свои силы на вакансию Junior Go Developer в NIX Solutions. Карантин — это не повод поставить жизнь на паузу! Заполняй краткое онлайн-резюме уже сейчас!",2022-01-20,['Git']
12,https://nn.hh.ru/vacancy/47932568?from=vacancy_search_list&query=golang+junior&hhtmFrom=vacancy_search_list,Младший backend-разработчик,от 40 000 руб. до вычета налогов,Altcraft,False,"Рязань, Октябрьский административный округ, район Дашково-Песочня, улица Советской Армии, 19к2","Полная занятость, полный день",1–3 года,False,False,"О нас Altcraft - команда увлеченных любимым делом людей, объединившихся ради достижения единой цели. Мы создаем лучший в мире инструмент автоматизации digital-маркетинга. Наша платформа помогает крупным компаниям, таким как YooMoney, АльфаСтрахование, Открытие Брокер, WiseBits, реализовать свои стратегии в digital среде. Мы ищем ответственного backend разработчика для участия в создании высоконагруженных web-приложений. Компания не занимается аутсорсингом, все приложения являются частью одного большого продукта. Все разработчики участвуют в его развитии и вносят свои идеи, команда постоянно растет и каждый растет вместе с командой. У вас будет наставник и много других опытных ребят, которые помогут в сложных вопросах. Наше приложение работает с большим количеством событий и трафика, вы сможете окунутся в мидл и хайлоад разработку, и серьезно повысить свою ценность как специалиста. Не обязательно знать Golang, важнее желание учиться новому. Вы можете знать какой-то другой язык и мыслить другими парадигмами, но если вы открыты новым идеям - welcome. Что мы ждем от вас   Требуемый опыт работы - от года (свои проекты тоже подходят);   Вы знаете как устроен интернет и работают веб-приложения;   Вы знаете один из языков: С, С++, С#, Golang (Go), Python, PHP или что-нибудь еще;   Умеете работать с git.   Условия и преимущества   Возможность обучения и повышения квалификации;   Работа в динамично развивающейся IT-компании;   Дружный коллектив профессионалов;   Кофемашина, печеньки, обеды - все включено;   Официальное трудоустройство и все социальные гарантии;   Работа предполагается в уютном офисе на Советской Армии;   5 дневная рабочая неделя (начало с 10-11 утра).   Наши ценности   Забота о здоровье сотрудников;   Культивируем профессионализм в команде;   Учим быть лучшим из лучших в своей профессии;   Проектируем и поддерживаем highload ПО;   Технологии, которые мы применяем всегда востребованы;   Находим простые решения для сложных задач;   Любим футбол и другие виды спорта;   Белая зарплата всегда без задержек.  ",2022-01-18,['Git']
13,https://nn.hh.ru/vacancy/51185986?from=vacancy_search_list&query=golang+junior&hhtmFrom=vacancy_search_list,Junior Golang разработчик,з/п не указана,Лига Цифровой Экономики,False,Москва,"Полная занятость, удаленная работа",1–3 года,False,False,"






Лига Цифровой Экономики — это 5 000+ человек и  1 000 проектов цифровой трансформации каждый год!
Наши клиенты — лидеры рынка в ключевых отраслях экономики и государственного сектора. Мы гордимся нашей экспертизой и знаковыми проектами.



20
Команда с 20-летним опытом на рынке ИТ-услуг



70+
70+ практик и центров компетенций



5 000+
5 000+ экспертов по России, Украине, Казахстану и Беларуси



1 000+
1 000+ проектов цифровой трансформации каждый год




Ценим свободу и ответственность за результат, атмосферу сотрудничества и энергию в наших командах. В Лиге мы стремимся создавать инновационные решения и развивать наших сотрудников.
Присоединяйся к нашей команде и создавай  лучшие решения  для лидеров рынка!


Очень нужен Junior Golang разработчик, сил нет. Задачи:  Разработка бэкенда системы управления секретами (аутентификационными данными сервисных аккаунтов или учётных записей); Проектирование масштабируемых высоконагруженных сервисов; Взаимодействие с командами DevOps- и QA-инженерами.  Требования:  Умения писать код в принципе будет достаточно;  Желательные требования к квалификации:  Здорово, если работал с SQL и no-SQL базами данных; Понимание сетевого ввода/вывода, протоколов TCP, HTTP, HTTP/2; Знание инструментов командной и гибкой(Agile) разработки (Git, Gitlab, JIRA, CI/CD); Умение понимать и разбирать чужой код.  Что мы предлагаем:  Классные бонусы и премии до 4 окладов год; Удаленка/офис/гибрид - на твой выбор; Минимум бюрократии; Пересмотр должности и заработной платы каждые полгода; Яркие корпоративы и нескучные тимбилдинги; ДМС (со стоматологией и стационаром), компенсация фитнес-абонементов, скидки на изучение английского языка, оплата мобильной связи и многое другое; Стабильную, конкурентную «белую» зарплату (оклад + бонусы). 


Лига предлагает тебе




Трудоустройство в соответствии с требованиями законодательства



Развитая система внутренних тренингов и возможность обучаться на внешних курсах



Гибкий график работы





Рост и развитие в команде профессионалов



ДМС со стоматологией, скидки на фитнес 50%, оплачиваемая мобильная связь, скидки на изучение английского языка 
и многое другое 





",2022-01-17,['Golang']
14,https://nn.hh.ru/vacancy/51041223?from=vacancy_search_list&query=golang+junior&hhtmFrom=vacancy_search_list,Junior Golang-разработчик,от 30 000 до 60 000 руб. на руки,Интерсвязь,False,Челябинск,"Полная занятость, полный день",не требуется,False,False,"«Интерсвязь» — одна из крупнейших IT-компаний в Уральском Федеральном округе. Наша компания, уже более 20 лет занимает стабильную позицию, на рынке Интернета и технологий. Ищем Golang-разработчика, уровня Junior, в команду core.is.Обязанности:   Разработка Backend для приложений в виде API Продумывание и реализация функционала для обмена данными в режиме реального времени Обработка данных и событий по тысячам клиентов Осуществление обработки и хранения большого объема real-time данных Разработка программных и архитектурных решений для увеличения выдерживаемой нагрузки  Требования:  Опыт разработки на GoLang Опыт разработки Web сервисов (или сервисов других направлений) Опыт работы с сетевыми/файловыми потоками данных Опыт разработки с использованием SQL и NoSQL баз данных, key-value хранилищ Опыт документирования собственного кода Понимание многопоточности и кооперативной многозадачности Понимание что такое unit тесты Знание ООП и паттернов программирования и практика их применения Умение писать читаемый и понятный код Желание постоянно совершенствоваться и изучать новые технологии  Условия работы:  Официальное трудоустройство Социальный пакет Комфортный современный офис на Северо-Западе Пятидневная рабочая неделя с 09-00 до 18-00 Возможность выстроить гибкий график и совмещать работу с учёбой Развитая корпоративная культура Профессиональная команда Возможности для развития (прохождение дополнительного обучения, курсы английского языка, покупка проф. литературы, поездки на конференции и семинары, летние/зимние школы) Компенсация интернета, мобильной связи, оплата тренажёрного зала.  Благодарим всех соискателей, которые направят отклик на данную вакансию!Ваше резюме будет рассмотрено в ближайшее время.",2022-01-13,[]
15,https://nn.hh.ru/vacancy/49679053?from=vacancy_search_list&query=golang+junior&hhtmFrom=vacancy_search_list,Junior Golang Developer,з/п не указана,ООО СолбегСофт,False,"Минск, Аэродромная улица, 38","Полная занятость, полный день",1–3 года,False,False,"








Founded in 2008, SolbegSoft provides premium quality IT services to customers across the globe. With extensive technological expertise and wide experience across industries, we develop high-end solutions, helping companies optimize business processes, boost performance, and thereby achieve strategic goals. We are looking for experienced Junior Golang  Developer to join our rapidly growing team.We invite you to the company where you can work on projects in the fields of Healthcare, Social Networking, Betting, Logisctic etc. The choice of a project depends both on candidate's preferences and the results of an interview. Requirements:  Experience as Golang developer from 3 months (course/demo project). Understanding of functional and object-oriented programming paradigms. Understanding of microservices. Knowledge of REST principles. Ability to write SQL queries, experience of working with PostgreSQL/MySQL. Experience of working with GIT. Basic knowledge of Linux. English level – A2 and up.Advantages: Experience of working with gin, viper, zerolog or similar packages. Experience of working with document-oriented databases. Ability to work with Docker/Kubernetes. Social Package:  Flexible schedule.  100% paid sick leaves.   Health insurance.   Paid certification.   Sport compensation.   In-company library: any technical literature that you've ever dreamed of.   Paid training courses and participation in conferences.   English classes.   In-office gym, tennis table, under-roof bike parking, and even more.   Social events, team buildings, and special gifts.What is Solbeg?  A stable company with 12+ years of history and HTP Membership. 500+ employees with offices in Minsk, Brest, Moscow, Warsaw, New York, San Diego, Mumbai. A great mix of older and younger generations of engineers (the average age of our team is 32 years old). A combination of multicultural engagement and respect to Belarus culture. A passion for new technologies and environmental concern. A flexible work environment that encourages work-life balance.SolbegSoft is committed to a diverse workforce and is an Equal Opportunity Employer.Give your career a flying start with SolbegSoft! 


                ООО ""СолбегСофт"", УНП 191271944
            

",2022-01-13,['Английский\xa0— B1 — Средний']
16,https://nn.hh.ru/vacancy/50832376?from=vacancy_search_list&query=golang+junior&hhtmFrom=vacancy_search_list,Junior Go/Golang developer,от 50 000 до 50 000 руб. на руки,Go Masters,False,"Ростов-на-Дону, микрорайон Северный, улица Пацаева, 16/1","Полная занятость, гибкий график",1–3 года,False,False,"Мой канал на youtube: https://www.youtube.com/channel/UCiAcG4aoU64TyV6zCjrgYkwУ нас много клиентов (почти все в Европе), очень много работы, тонны опыта, нужны помощники! Важно! В этот раз берем ТОЛЬКО с опытом разработки на Golang от полугода. Задачи прилетят почти сразу. Обязанности:  быстро учиться и зарабатывать деньги :)  Skills:  Golang, Git, REST, Design/Concurrency Patterns, Clean Architecture, SQL/NoSQL, хорошее настроение  Условия:  полный рабочий день в офисе на Пацаева (не удаленка) гибкий график пятничные обеды в Шашлычном Мире + пицца несколько раз в неделю. Фрукты, чай, печенье и позитив - каждый день  Тестовое задание: сделать REST API на Go для создания/удаления/редактирования юзеров. Любой framework (или без него). Запушить код на github. В идеале с unit тестами. БД - PostgreSQL. Запросы: POST /users - create userGET /users/<id> - get userPUT /users/<id> - edit user type User struct {ID uuidFirstname stringLastname stringEmail stringAge uintCreated time.Time} ID / Created генерим сами. Остальные - обязательны и валидируем на входе. Лимита по времени нет, но чем быстрее сделаешь - тем больше вероятность, что возьмем )",2022-01-09,[]
17,https://nn.hh.ru/vacancy/51009769?from=vacancy_search_list&query=golang+junior&hhtmFrom=vacancy_search_list,Golang Developer,от 8 000 000 сум до вычета налогов,HamkorBank,False,"Ташкент, улица Эски-Сарикул","Полная занятость, полный день",1–3 года,False,False,"Мы ищем уверенного в себе Golang-разработчика Strong junior/Middle/Senior уровня, готового присоединиться к команде разработки одного из наших проектов. Вы точно подходите нам, если: - Не любите писать сложный код, а любите упрощать.- Стремитесь к порядку и улучшению.- Имеете опыт коммерческой backend-разработки на Go;- Уверенно работаете на nix-системах;- Понимаете принципы контейнеризации и имеете опыт работы с Docker;- У вас есть опыт интеграции с API сторонних Web-сервисов;- Качественно пишете тесты.Обязанности:- Проектирование и разработка микросервисов в команде - Профилирование и дебуггинг имеющих микросервисов - Обеспечение 99.9% работоспособности работающих микросервисов - Рефакторинг если требуется Условия работы: - корпоративное обучение и тренинги как новым так и постоянным сотрудникам.- удобное месторасположение;- горячий обед за счет компании;- дружелюбная атмосфера;- график работы 5/2, с 9.00 до 18.00;- трудоустройство согласно ТК РУз",2022-01-12,['Английский\xa0— B1 — Средний']
18,https://nn.hh.ru/vacancy/50513722?from=vacancy_search_list&query=golang+junior&hhtmFrom=vacancy_search_list,Golang Программист,з/п не указана,АО Сфера Телеком,False,"Румянцево, Новомосковский административный округ, Киевское шоссе, 22-й километр, дв4с2кГ","Полная занятость, полный день",1–3 года,False,False,"Обязанности: - Разработка/доработка backend части программного обеспечения;- Участие в проектировании архитектуры решений, согласованиитребований к решениям, выборе технологий и средств реализациирешений;- Участие в процессах тестирования и отладки программногообеспечения; Требования: - Опыт разработки Golang (не ниже junior);- Опыт работы с PostgreSQL;- Уверенное владение GitLab.- Умение разбираться в чужом коде;- Понимание принципов сервисной архитектуры; Плюсом будет:  - Опыт работы с Docker;- Знание Linux;- Знание сетевых протоколов SNMP, FTP;- Опыт командной разработки продукта;- Опыт написания функциональных тестов. Условия:  График работы: 5/2 с 9.00 до 18.00; Оформление согласно ТК РФ; Полностью белая заработная плата; 3-х месячный испытательный срок с возможностью досрочного завершения; Чай, кофе в офисе. ",2022-01-21,['PostgreSQL']
19,https://nn.hh.ru/vacancy/50688309?from=vacancy_search_list&query=golang+junior&hhtmFrom=vacancy_search_list,Junior/Middle Golang Developer,от 80 000 до 120 000 руб. до вычета налогов,ООО Неокорд,False,Таганрог,"Полная занятость, полный день",1–3 года,False,False,"Привет!Мы компания Неокорд. В настоящий момент готовы взять в свою команду Golang разработчика для работы над проектом, связанным с системой менеджмента доставки. Команда полностью удаленная. Рассматриваем соискателей только из Ростовской облаcти. Каким мы видим подходящего кандидата:  опыт работы на Golang; опыт работы на С; опыт проектирования, создания и сопровождения растущих приложений; знание английского языка.  Бонусы Мы всегда готовы подставить плечо своим коллегам. В нашей компании тебе точно будет не скучно.Любим тех, кто умеет работать в команде, открыто общается и стремится находить лучшие решения. Дополнительные условия оговариваются с успешным кандидатом. Условия:  Удалённая работа; Рассчитываем на долгосрочное сотрудничество; Нереальная самореализация; Небольшой профессиональный и невозможно дружный коллектив; Рост с результатами; Гибкая разработка (Scrum/Agile). ",2021-12-24,['Golang']
20,https://nn.hh.ru/vacancy/50884674?from=vacancy_search_list&query=golang+junior&hhtmFrom=vacancy_search_list,"Web-разработчик PHP (Junior,Middle) +поддержка сайта Ситилинк",з/п не указана,MERLION,False,"Мякинино, Красногорск, бульвар Строителей, 4к1","Полная занятость, полный день",1–3 года,False,False,"Ищем сотрудников в нашу команду. У нас большие планы по развитию компании и специалистов, мы привыкли видеть возможности, а не препятствия. Вы тоже? Тогда давайте знакомиться! О компании MERLION – крупнейший дистрибьютор компьютерной, цифровой и бытовой техники в России. Помимо дистрибуции есть собственное производство компьютеров, офисной мебели, а также логистическая инфраструктура. Основан в 1992 году, входит в рейтинг Forbes «200 крупнейших частных компаний России» MERLION – это экосистема сервисов, которые ежедневно помогают клиентам и партнёрам достигать их целей. Ситилинк – начиная с 2008 года флагманский проект холдинга Merlion и ТОП-2 e-commerce площадка в России. Один из крупнейших интернет-магазинов электроники и бытовой техники. Ежедневно на сайт citilink.ru приходят до 1 млн пользователей, делая заказы каждую секунду. Мы – единственный онлайн-ритейлер в списке Forbes, который специализируется на торговле электроникой. В 2019 году в рейтинге Forbes мы получили 7 место из 20 самых дорогих компаний Рунета. Масштаб холдинга  Более 20 компаний и проектов в холдинге; 920 мировых брендов в дистрибуции; 215 000+ позиций ассортимента; 8 700 активных партнёров (маркетплейсы, производители, ресейллеры, розничные сети, системные интеграторы, СМБ-компании);  Команда В холдинге MERLION реализуют свою мощь и талант более 15 000 сотрудников, более 600 человек – это наша IT dream team. У нас идеально отточенные процессы CI/CD, QA, продуктовая разработка. Отлаженный контроль техдолга позволяет нам создавать больше новых, по-настоящему интересных продуктов. IT-команда Ситилинка создает высоконагруженную платформу продаж, используя самые современные технологии на рынке, такие как Go, Kubernetes, Istio, React+Redux, Vue, Tarantool, Reindexer и многие другие. Работа в Ситилинк – это возможность непрерывного профессионального роста, свежий стек, интересные задачи и открытость к изменениям. У нас сильная команда профессионалов, умеющая делиться знаниями и прокачивать скилы. Работая у нас, можно почувствовать свою значимость, созданными вами продуктами будут пользоваться миллионы пользователей всей России. Рабочие задачи 1. Работа с обращениями пользователей:  уточнение необходимых данных у пользователя по заявке и выполнение первичной диагностики (нужно разобраться, что именно не работает у пользователя); отслеживание статуса заявок в системе, классификация и дальнейшее распределение обращений, контроль выполнения обращений;  2. Мониторинг систем с помощью Grafana, Kibana; 3. Решение багов связанных с работоспособностью продуктов; Какие знания и навыки ожидаем от вас   Навыки разработки с использованием web-технологий; Знания PHP, MS SQL (на уровне простых процедур) и JS; Умение читать технические логи с целью поиска возникающих проблем/ошибок. Стремление учиться и грамотная речь.  Дополнительным преимуществом будет  Понимание Golang; Представление о React JS, SASS, Bootstrap, Webpack, GIT  Как мы работаем  Возможность полностью удалённой работы; in-house разработка; долгосрочные проекты – игра «в долгую» (не проектная занятость); один на один с трудностями не оставляем, всё обсуждаем и помогаем друг другу.  Мы предлагаем  оплата по рынку и выше; корпоративная программа лояльности, скидки на товары и услуги партнёров; сильная команда специалистов по разным направлениям; возможность поработать в крупнейшей российской компании, единственном онлайн-ритейлере из списка Forbes; график работы: 5/2, смены: 06:00-14:30, 14:30-23:00 и плавающие выходные; официальное трудоустройство в штат компании по ТК РФ.  Почему у нас хорошо?  Стабильность. Компания экономически устойчива и растёт каждый год (за 2020 год рост бизнеса составил 34%). Масштаб. Вы станете участником крупных проектов, меняющих рельеф бизнеса.   Интерес. Вы попадёте в насыщенную событиями рабочую атмосферу крупной компании. Доверие. Лояльное руководство, команде высокий уровень понимания задач от бизнеса, в то же время – значительная свобода действий и отсутствие микроменеджмента. Отношения с коллегами строятся на взаимном доверии, уважении, умении слушать и слышать. Комфорт. С первых же дней опытный коллега будет вашим «проводником» в компании и поможет решить любой вопрос. Мы за work-life balance – стараемся жить без переработок и отдыхать в выходные.  Присоединяйтесь!",2022-01-10,['PHP']
21,https://nn.hh.ru/vacancy/50847891?from=vacancy_search_list&query=golang+junior&hhtmFrom=vacancy_search_list,Go Developer,з/п не указана,TradingView,False,"Ростов-на-Дону, Социалистическая улица, 74","Полная занятость, гибкий график",1–3 года,False,False,"Привет! Меня зовут Алексей и я возглавляю отдел серверной разработки в компании TradingView.Мы агрегируем реалтаймовые стримы и храним историю по всем сделкам сотен бирж, а также непрерывно обсчитываем около миллиона пользовательских скриптов. Сейчас я ищу талантливого Backend разработчика в свою команду.Мне нужно, чтобы ты отлично разбирался в алгоритмах, понимал, как работать с многопоточностью и умел проектировать расширяемые приложения. Основной задачей будет написание наших собственных микросервисов на Go. Приветствуется знание Go или таких языков как C и C++. С нами вместе ты будешь:— Разрабатывать бэкэнд в успешном и быстро растущем high-load проекте;— Участвовать в разработке микросервисов на Go в команде;— Принимать участие в проектировании вместе с командой;— Заниматься оптимизацией вместе с командой. Наш стэк технологий:— Сервисная архитектура (REST);— Go и Java как основные языки разработки;— Postgres как основная БД, есть MongoDB и RethinkDB;— Gitlab с CI (тесты), Jenkins для билдов и автоматизации;— Docker. Мы рассчитываем, что ты:— Умеешь разрабатывать на Go, С и/или С++, опыт от 1 года опыта в продакшне;— Имеешь базовые знания о структурах данных и алгоритмах;— Имеешь понимание работы протоколов HTTP и TCP/IP;— Понимаешь механизмы синхронизации при многопоточной разработке;— Знаешь технический английский язык;— Имеешь высшее профильное IT-образование. Мы готовы предложить вам:— Работу в проекте, популярном у миллионов пользователей;— Гибкий график с учетом вашего биоритма;— Современный офис с панорамным видом на центр города;— Официальное оформление по ТК РФ с первого дня работы;— Конкурентную белую зарплату;— ДМС;— Адаптивное рабочее место, пространство для отдыха – диванчики, турник, кикер, PlayStation;— Бесплатные обеды + кофе/какао/молоко/чай/снеки круглосуточно;— Активный отдых: горные лыжи, сноуборд зимой, серфинг и кайтинг летом - и многое другое;— Обучение и рост внутри компании, участие в митапах и конференциях;— Релокация в Ростов-на-Дону из любой точки мира;— Понимание и поддержку по личным вопросам. TradingView – это высоконагруженная аналитическая платформа и социальная сеть, которую используют миллионы инвесторов и трейдеров из более чем 100 стран. Мы предоставляем доступ к данным со 100+ торговых площадок по всему миру. Наши технологии используют более 40 000 компаний по всему миру, среди них – Investing.com, SeekingAlpha, Лента, Тинькофф, Чикагская и Бразильская биржи. Сегодня мы входим в топ 100 крупнейших сайтов мира по версии Alexa.com. 800 000 одновременных клиентских сессий, сотни серверов в 10+ дата-центрах, 22 локальные версии и более 20 миллионов активных пользователей в месяц.",2022-01-10,['Backend']
22,https://nn.hh.ru/vacancy/50865848?from=vacancy_search_list&query=golang+junior&hhtmFrom=vacancy_search_list,Разработчик Junior (front/back),з/п не указана,Jet5,False,"Площадь Ленина, Новосибирск, улица Орджоникидзе, 40","Полная занятость, полный день",1–3 года,False,False,"Небольшому, но гордому агентству требуются джун разработчик, который хочет развиваться в одном из следующих направлений:  фронтенд - Vue.js / React, бэкенд - Golang / PHP / JS фреймворки, мобильная разработка - React Native / Swift / Kotlin.    Что мы предлагаем?  возможность работы над красивыми и интересными задачами; возможность профессионального развития; работа в молодой и амбициозной команде - с нами просто интересно!    Основные задачи:  проектирование новых сайтов и приложений и разработка наиболее важных их составляющих; доработка и развитие существующих проектов;    Наши ожидания от специалиста:  хорошее знание одного из базовых языков разработки - JS, C/C++/C#, PHP, мб вы еще что-то знаете, напишите нам! базовые знания SQL/MySQL, понимание HTML, CSS, jQuery, JS (для фронтендеров); опыт работы с GIT - плюс; понимание и опыт работы с CMS - плюс; хорошее владение русским языком, коммуникабельность и ответственность - must; желание стать лучшим в своем деле - mega must;   владение техническим английским (а вдруг у вас fluent? отлично!);  Резюме отправляйте, пожалуйста, в ответе.  ",2022-01-10,['Мозг']
23,https://nn.hh.ru/vacancy/50554403?from=vacancy_search_list&query=golang+junior&hhtmFrom=vacancy_search_list,"Инженер-программист junior (Go, Node.js)",от 45 000 руб. на руки,Аукцион Au.ru,False,"Красноярск, проспект Мира, 94","Полная занятость, полный день",1–3 года,False,False,"Команда аукциона создает и развивает качественный и востребованный продукт. Мы используем технологии, которые применяют во всем мире, а также современные методологии командной работы, постоянно экспериментируем и внедряем новые уникальные решения. Наши сотрудники не стоят на месте, а повышают свой профессиональный уровень в процессе работы и активно расширяют экспертизу в смежных областях, и, в среднем, через 2,5–3 года имея возможность дальнейшего карьерного и профессионального роста в одних из самых крупных и крутых компаний с точки зрения IT на рынке (Тинькофф, Яндекс, Сбер, Авито, HP, Dell) уже в качестве состоявшегося специалиста высокого уровня. В нашем офисе всегда комфортная обстановка и здоровое общение. Мы будем рады новому человеку в команде, готовому к активной работе, чувствующего важность вклада в общее дело.   Что нужно будет делать   разрабатывать сервисы с использованием Go;   разрабатывать web-приложения на Node.js/ES6;   создавать SQL-запросы (MSSQL 2012, PostgreSQL);   возможно работать с legacy-кодом (C#, .NET);   дорабатывать и поддерживать существующую кодовую базу.     Требования   знание базовых алгоритмов и структур данных;   уверенное владение любым языком программирования высокого уровня, желание перейти на Go и Node.js;   знание основ баз данных и SQL;   SQL на уровне самостоятельного построения запросов без использования ORM;   знание web-технологий, понимание как взаимодействуют веб-приложения, многоуровневые распределенные системы;   умение работать с Git;   желание работать в продуктовой команде и личная ответственность.     Будет плюсом   опыт работы с любой из технологий: NoSQL (MongoDB, Redis, ClickHouse…), MQ (RabbitMQ, Kafka, NATS…);   умение читать код на C#;   понимание принципов чистого кода;   владение техническим английским (способность читать и понимать техническую документацию);   стремление повышать свой профессиональный уровень, решать нестандартные задачи.   Условия   отличная команда;   пятидневная рабочая неделя;   официальное трудоустройство и полностью «белая» зарплата;   возможность повышения профессиональной квалификации как с помощью коллег, в процессе выполнения поставленных задач, так и посредством специализированных курсов, оплачиваемых компанией;   комфортный офис в центре Красноярска;   кухня, кофемашина, чай, печеньки, настолки, гитары, PS4;   мы на постоянной основе миксуем работу в офисе и удалённую работу, однако — в период онбординга и тестовый период желательно присутствие в офисе.   Полностью удалённых работников пока не рассматриваем.Чтобы понимать с кем мы имеем дело и оценить уровень ваших компетенций — мы подготовили небольшое тестовое задание, которое опционально высылаем соискателям, прошедших первичный отбор резюме.Поэтому — делая отклик на вакансию, позаботьтесь о том, чтобы ваше резюме и сопроводительное письмо, если оно будет, наиболее точно и полно отражало релевантный опыт и навыки.",2021-12-28,['Go']
24,https://nn.hh.ru/vacancy/50709874?from=vacancy_search_list&query=golang+junior&hhtmFrom=vacancy_search_list,Go разработчик (Junior),з/п не указана,Reactive Media,False,"Пермь, Монастырская улица, 12","Полная занятость, гибкий график",1–3 года,False,False,"Привет! Мы — Реактив, одна из самых сильных пермских digital-команд. Мы работаем с 2000 года и это время выполнили сотни проектов для крупнейших заказчиков региона, России и мира. Это означает, что у нас огромный опыт и богатые внутренние традиции. Наша команда была стартом для множества талантливых разработчиков, дизайнеров, аналитиков, маркетологов и менеджеров, которые сейчас работают в столичных и крупнейших региональных компаниях. Мы разносторонняя компания, и можем поручить вам множество интересных задач. Попав к нам, вы получите доступ к нашим знаниям и опыту, изучите широкий технологический стек, различные методологии и инструменты планирования, управления и анализа. Наши сотрудники проходят дополнительное обучение за счет компании, а также мы проводим различные мастер-классы с приглашенными специалистами. Сейчас нам в команду нужен Go разработчик в Международный геймдев проект, который разрабатывает продукты и сервисы для разработчиков игр. То есть b2b рынок. Мы поддерживаем и развиваем личный кабинет клиента. Личный кабинет - это точка входа, из которой можно управлять другими продуктами. Немного о продукте: мы делаем инструмент по взаимодействую с партнерами. Система включает в себя основное приложение CRM, систему сервисов данных и процессы, которые у нас в компании есть и поддерживаются.  Objects Manager. В основе лежит готовое open-source решение: идея такова, что мы описываем в БД схему объектов, и на основе этого генерируется фронт под эти объекты. БД на PostgreSQL, бэк на Go, фронт на React+TS; Бизнес-логика самой CRM написана на NodeJS (NestJs), фронт веб-интерфейса на React+TS; Помимо этого есть еще 2 БД и пачка сервисов-переладчиков, но этим заниматься не придется;  Чем разработчику предстоит заниматься на проекте:  Доработка UI-компонентов для генератора; Работа по оптимизации бэк-эндового кода; Задачи на реализацию отдельных разделов в CRM или мелких доработок в нем же; Есть возможность писать автотесты, или саппортить тестировщика в их освоении;  Состав команды: Тим лид, бэк, фронт, аналитик, тестировщики График работы: с 8 до 17:00 по Мск, дейлики Требования к кандидату: Опыт от 1 года. Язык программирования Go, при необходимости писать и на NodeJs (NestJS ), PHP не используют Мы предлагаем:  Испытательный срок два месяца; Заработная плата = оклад + премии от выполненных проектов; Барная зона в офисе; Молодой и дружный коллектив; Сильную команду, обучение и опыт; Участие в крупных и интересных клиентских проектах; Корпоративные поездки за город и вечерние посиделки. ",2021-12-27,['React']
25,https://nn.hh.ru/vacancy/50708027?from=vacancy_search_list&query=golang+junior&hhtmFrom=vacancy_search_list,Системный администратор Linux / Devops Junior,от 55 000 руб. на руки,MEDODS,False,"Магнитогорск, улица Герцена, 6","Полная занятость, удаленная работа",1–3 года,False,False,"Ищем в нашу команду коллегу с уверенным владением Linux и желанием получить компетенции DevOps инженера.Мы - компания разработчик системы для частных медицинских клиник. Это достаточно сложный технически продукт, поэтому нам подходят инженеры, которым интересно находить решения для нетривиальных задач.У нас молодая и дружелюбная команда, и мы создаем действительно полезный и востребованный продукт, которым пользуются уже более 700 медицинских клиник от Владивостока до Калининграда. Технологии с которыми будет работа:Kubernetes, Docker, Yandex.Cloud, Helm, Postgresql, Nginx, Ruby/Golang Задачи нашего инженера:  Управление кластером Подготовка деплоев Мониторинг Автоматизация процессов Помощь разработчикам в поиске и решении проблем  Каковы наши пожелания к Вам?  Уверенное владение ОС Linux Опыт администрирования ОС Linux Уверенное владение bash  Почему Вам в нашей команде будет хорошо?  У вас будет возможность поддерживать проект федерального масштаба. Вы сможете профессионально расти и развивать компетенции. У нас действительно лояльное, открытое руководство и комфортная психологическая обстановка в коллективе. ",2021-12-27,['Администрирование серверов Linux']
26,https://nn.hh.ru/vacancy/50712883?from=vacancy_search_list&query=golang+junior&hhtmFrom=vacancy_search_list,Middle PHP Developer,з/п не указана,Инвольта,False,"Иваново, улица Парижской Коммуны, 3А","Полная занятость, гибкий график",1–3 года,False,False,"involta – международная группа компаний в IT и digital сфере, основанная в 2010 году. Основной профиль компании – реализация сложных digital-проектов и технологичных стартапов. Мы настолько сильно любим то, чем занимаемся, что абсолютно все запущенные нами проекты становятся успешными! На сегодняшний день в активе компании суммарно находится более 100 Android и iOS приложений (мы являемся одним из крупнейших паблишеров в Google Play в России) и более 20 успешных web-стартапов. Мы не занимаемся разработкой типовых проектов, поэтому в involta тебя ждут только интересные и разноплановые задачи по развитию существующих и новых сервисов – в том числе и зарубежных! Наша основная задача – развитие и поддержка уникальной платформы для e-commerce и реализация сервисов на ее основе: маркетплэйсов, интернет-магазинов, бэкэндов для мобильных приложений и стартапов, личных кабинетов, CRM и ERP систем. Сейчас нам требуется Middle PHP Developer, который не собирается останавливаться на middle и стремится к senior, ищет, как бы ещё прокачать свои hard и soft скилы. Какие задачи предстоит решать в составе команды?  разработка нового функционала платформы; участие в решении архитектурных, алгоритмических и математических задач в рамках внедряемых проектов; проектирование баз данных; масштабирование архитектуры проектов по мере роста нагрузки и функционала; решение задач по автоматизации, работа с API различных сервисов – транспортных компаний, CRM, ERP, телефонии, учетных систем и прочих.  Обязательные требования:  хорошее знание PHP; опыт коммерческой разработки на одном из фреймворков: Yii2, Laravel, Symfony; уверенная работа с СУБД на уровне написания и оптимизации сложных SQL-запросов; понимание принципов ООП и умение применять паттерны проектирования; умение работать с Git.  Преимуществами при отборе будут:  опыт разработки api (REST, GraphGL, SOAP); опыт администрирования Linux; опыт сборки контейнеров Docker; использование стандартов PSR в работе; опыт написания тестов; опыт frontend-разработки на одном из популярный фреймворков (VueJS, ReactJS); опыт работы с поисковыми движками ElasticSearch, Sphinx; опыт работы с NoSQL базами данных MongoDB, Redis; умение работать с одним из брокеров сообщений RabbitMQ, Gearman, Apache Kafka; широкий кругозор и опыт разработки на других языках программирования (JS, Golang, C# и прочих); понимание принципов SOLID, DRY, KISS; желание расти и разбираться в новых областях.  Мы предлагаем:  работу в молодой, дружелюбной и целеустремленной команде с опытными наставниками; атмосферу стартапа, постоянный драйв и удовольствие от работы; собственные проекты и возможность реализовать свои идеи; официальное трудоустройство по ТК РФ; крупные и знаковые проекты в разных сферах; возможность вырасти с junior до TeamLead; удобный график работы 5/2; кухню с личным шеф-поваром; собственный спортзал прямо в офисе и бесплатные занятия с тренером по джиу-джитсу; обучение за счет компании: оплата конференций, тренингов, учебных материалов и курсов; участие в корпоративных семинарах и хакатонах; мы поощряем обучение и саморазвитие и предоставляем трудолюбивым и талантливым сотрудникам обширные возможности для увеличения заработной платы; корпоративы, офисные посиделки и другие team building мероприятия.  Если ты горишь разработкой и тебе безумно нравится развиваться в этом направлении, пиши в сопроводительном письме «хочу работать в involta» пару строк о себе и присылай ссылку на github. Мы ответим на твой запрос в течение нескольких дней!Будь смелее и присоединяйся к команде сильных!  ",2021-12-27,['Git']
27,https://nn.hh.ru/vacancy/50614683?from=vacancy_search_list&query=golang+junior&hhtmFrom=vacancy_search_list,Junior Frontend Developer,от 30 000 руб. на руки,MEDODS,False,"Магнитогорск, улица Герцена, 6","Полная занятость, удаленная работа",не требуется,False,False,"Компания Medods входит в Топ-3 компаний, разрабатывающих собственную CRM/EPR систему для медицинских клиник в России и странах СНГ. Мы основаны и находимся в городе Магнитогорск. Молодая команда и дружелюбный коллектив создают действительно полезный и востребованный продукт, которым пользуются уже более 700 медицинских клиник от Владивостока до Калининграда. Приложение построено на микросервисной архитектуре.  На серверной стороне используются такие технологии как: Node.js, Golang, Ruby, PostgreSQL, MongoDB, Redis, Apache Kafka, WebSockets, JWT, Netflix Zuul, Docker, Kubernetes. На клиентской стороне основной библиотекой для написания всех новых компонентов является Vue.js  Стек используемых технологий, позволяет вырасти в профессионального и востребованного на рынке труда Frontend разработчика. В чем заключается работа?  Frontend разработка совместно с командой.  Каковы наши пожелания к Вам?  Вы хорошо владеете HTML5, CSS3. Вы знакомы с JavaScript на уверенном уровне и понимаете что такое и как работают такие структуры языка, как области видимости, замыкания, промисы, прототипное наследование и другие). Вы понимаете что такое UX и как сделать пользовательский опыт позитивным. Вы склонны писать аккуратный чистый код.  При этом мы готовы рассмотреть вашу кандидатуру, даже если у вас нет опыта коммерческой разработки, но есть голова на плечах и большое желание стать разработчиком. Почему Вам в нашей команде будет хорошо?  У вас будет возможность развивать проект федерального масштаба, создавать продукт за который действительно не стыдно. Работа с современным стеком технологий веб-разработки, позволит вам стать и оставаться востребованным разработчиком. Вы будете получать достойную заработную плату и регулярный ее пересмотр по мере роста квалификации. Все это происходит в уютном офисе в лучшем бизнес-центре города. (Также рассматриваем кандидатов на удаленную работу.) У нас лояльное, открытое руководство и комфортная атмосфера. ",2021-12-21,['JavaScript']
28,https://nn.hh.ru/vacancy/46782434?from=vacancy_search_list&query=golang+junior&hhtmFrom=vacancy_search_list,"Младший разработчик Go, Логистика / Сортировка",з/п не указана,Ozon Информационные технологии,False,"Деловой центр, Деловой центр, Международная, Москва, Пресненская набережная, 10","Полная занятость, полный день",1–3 года,False,False,"




В команде Ozon Tech 2 500 инженеров — и мы продолжаем расти. Десятки миллионов людей пользуются нашими сервисами, наша IT-инфраструктура управляет миллионами процессов каждый час. 
Мы решаем сложные и интересные задачи в области кибербезопасности, хранения и обработки данных, совершенствуем и автоматизируем системы, которыми пользуются продавцы, покупатели, партнёры и сотрудники Ozon. 
Под капотом у Ozon Tech микросервисы на Go и C#, в стеке технологий есть Vue.js, Swift и Kotlin, Kubernetes, Kafka, Hadoop и ClickHouse. Мы стремимся делать лучший в России e-commerce и вкладываем время и силы в развитие IT-сообщества.


Наша команда занимается разработкой системы сортировки посылок или других предметов на складах, в том числе пишет сервисы для работы с автоматизированными сортировочными конвеерами. Наш стек: Go, Postgresql, Memcached, Docker, Kubernetes. Вам предстоит:  Писать качественный, высокопроизводительный код на Go; Участвовать в разработке архитектурных решений; Взаимодействовать с участниками команды разработки, qa, аналитики, продакта и с другими командами.  Мы ожидаем:  Хорошее знание Go и опыт работы с ним более 2 лет; Опыт написания тестируемого кода и юнит-тестов к нему; Понимание принципов работы распределенных приложений и микросервисной архитектуры; Опыт работы с БД и знание SQL; Английский язык на уровне чтения технической документации.  Будет плюсом:  Опыт работы с gRPC, Kubernetes, Prometheus.  Мы предлагаем:  Динамичный и быстроразвивающийся бизнес, ресурсы, возможность сделать вместе лучший продукт на рынке e-commerce; Свободу действий в принятии решений; Достойный уровень заработной платы; Профессиональную команду, которой мы гордимся; Возможность развиваться вместе с нашим бизнесом. 



А ещё:

Здоровье: объёмный пакет ДМС со стоматологией; страхование от несчастных случаев; полис выезжающих за рубеж; подарочный сертификат при рождении ребенка; консультации психолога, врач в офисе.
Развитие: наши сотрудники участвуют в конференциях, мы оплачиваем обучение. У нас есть корпоративная офлайн-библиотека, доступ к онлайн-библиотеке MyBook и к образовательным онлайн-платформам Coursera и Eduson.
Корпоративные программы: скидки на английский язык от SkyEng и Флоу, дисконтная карта Москва Сити CityPass, помощь в ипотеке и рефинансировании от Refin Online и Ипотека.Центр, покупки в SimpleWine, акции от Эталон и Донстрой, платформа скидок SpotyGo и многое другое; зарплатные проекты Райффайзенбанк и Сбербанк (мобильные банкиры в офисе), АльфаБанк, ГазпромБанк, Тинькофф, ВТБ банк, МТС банк; Программа «Приведи друга» и «Откликнись сам».
Социальная ответственность: материальная помощь, подарочные сертификаты при рождении ребенка.
Питание: можно перекусить на оборудованных кухнях (завтраки, фрукты, овощи, сэндвичи), в офисе расположены вендинговые автоматы со здоровой едой. Вечером вас ждут аппетитные ужины. *
Офис: просторный open space с панорамными видами и местами для отдыха и социальной инфраструктурой. В офисе ведут прием врач-терапевт и психолог. *
Спорт: беговой, волейбольный и футбольный клубы, йога в офисе; скидки на клубные карты фитнес-сетей World Class, X-fit, 5 элемент, Fitmost.

* пока действует только для московского офиса



",2021-12-20,['SQL']
29,https://nn.hh.ru/vacancy/48810693?from=vacancy_search_list&query=golang+junior&hhtmFrom=vacancy_search_list,Senior NodeJS Developer,з/п не указана,Инвольта,False,"Иваново, улица Парижской Коммуны, 3А","Полная занятость, гибкий график",3–6 лет,False,False,"involta – международная группа компаний в IT и digital сферах, основанная в 2010 году. Основной профиль компании – реализация сложных digital-проектов и технологичных стартапов. Мы настолько сильно любим то, чем занимаемся, что абсолютно все запущенные нами проекты становятся успешными!На сегодняшний день в активе компании суммарно находится более 100 Android и iOS приложений (мы являемся одним из крупнейших паблишеров в Google Play в России) и более 20 успешных web-стартапов. Мы не занимаемся разработкой типовых проектов, поэтому в involta тебя ждут только интересные и разноплановые задачи по развитию существующих и новых сервисов – в том числе и зарубежных! Involta запускает не только успешные коммерческие, но и социальные проекты, одним из которых является метапоисковая система, используя которую, любой желающий может внести свой вклад в помощь нуждающимся. Сейчас нам требуется Senior NodeJS Developer , который сможет поддержать текущий уровень разработки, обогатить проект собственными идеями и оптимизировать его так, чтобы он смог помочь ещё большему числу людей. Какие задачи предстоит решать в составе команды?  разработка нового функционала платформы; участие в решении архитектурных, алгоритмических и математических задач в рамках внедряемых проектов; проектирование баз данных; масштабирование архитектуры проектов по мере роста нагрузки и функционала.  Обязательные требования:  владение JavaScript и TypeScript на очень высоком уровне; 3+ года опыта работы с Node.js, понимание фундаментальных особенностей работы платформы; большой опыт ООП-разработки, знание и применение паттернов проектирования; высокий уровень владения SQL, написание сложных запросов, понимание механизмов отладки и оптимизации; большой опыт в работе с большим базами данных PostgreSQL в условиях высокой нагрузки. Проектирование и масштабирование; хорошее понимание REST API, микросервисов и отказоустойчивых систем; умение работать с Git; умение работать с очередями сообщений (rabbit mq, yandex mq); владение инструментами автоматического тестирования; понимание принципа работы Kafka, ClickHouse; амбиции лидера команды; желание расти и разбираться в новых областях.  Преимуществами при отборе будут:  широкий кругозор и знание других языков - Golang, PHP, Python и прочих; опыт работы с фреймворками Nest JS, Express, Fastify; возможность использовать широкий спектр технологий с открытым исходным кодом и облачных сервисов (GCS, AWS или Azure); опыт использования NoSQL баз данных различного типа, понимания областей применения.  Мы предлагаем:  работу в молодой, дружелюбной и целеустремленной команде с опытными наставниками; атмосферу стартапа, постоянный драйв и удовольствие от работы; собственные проекты и возможность реализовать свои идеи; официальное трудоустройство по ТК РФ; крупные и знаковые проекты в разных сферах; возможность вырасти с junior до TeamLead; удобный график работы 5/2; кухню с личным шеф-поваром; собственный спортзал прямо в офисе и бесплатные занятия с тренером по джиу-джитсу; обучение за счет компании: оплата конференций, тренингов, учебных материалов и курсов; участие в корпоративных семинарах и хакатонах; мы поощряем обучение и саморазвитие и предоставляем трудолюбивым и талантливым сотрудникам обширные возможности для увеличения заработной платы; корпоративы, офисные посиделки и другие team building мероприятия.  Если ты горишь разработкой и тебе безумно нравится развиваться в этом направлении, пиши в сопроводительном письме «хочу работать в involta» пару строк о себе и присылай ссылку на github. Мы ответим на твой запрос в течение нескольких дней!Будь смелее и присоединяйся к команде сильных!  ",2021-12-19,['Node.js']
30,https://nn.hh.ru/vacancy/50514862?from=vacancy_search_list&query=golang+junior&hhtmFrom=vacancy_search_list,Go Developer,з/п не указана,ООО Скрытый пул,False,"Ладожская, Санкт-Петербург, проспект Энергетиков, 3","Полная занятость, полный день",1–3 года,False,False,"Требуемый опыт работы: 1–3 годаПолная занятость Кто мы?  Dangeon - это технологическая компания, которая уже 4 года успешно занимается разработкой и поддержкой программного обеспечения для рекламных сетей. Мы не боимся внедрять современные технологии и подходы к разработке. В нашей команде нет бюрократии и мы приветствуем новые идеи. Кого мы ищем?  Мы ищем человека, который хочет работать, учиться и развиваться в сфере it технологий.Обучаемость, интеллектуальный потенциал и желание работать будут главными факторами выбора претендента на эту вакансию. В команду нужен Golang junior developer. Ты нам подходишь, если ты:   имеешь опыт работы с Golang от полу года;   понимаешь как работает HTTP и TCP/IP;   хорошо знаешь структуры и типы данных;   знанешь ООП и паттерны проектирования;   имеешь опыт работы с API (использование и проектирование);   знаниешь английский язык Intermediate +;   способен учиться и совершенствоваться;   Будет плюсом если ты:    имеешь опыт работы с системами контроля версий (Git);   знаешь про контейнеризацию (Docker и Docker-compose) и умеешь завернуть свой сервис в контейнер;   имеешь опыт написания web-сервисов;   использовал echo или другой фреймворк;   Чем тебе предстоит заниматься?   поддерживать и реализовывать интеграций со сторонними API и сервисами. В дальнейшем - разработкой нового продукта;   активно учиться, тебе предстоит много читать и разбираться в документации;   Что мы предлагаем?   работу в молодом и дружном коллективе без бюрократии;   официальное трудоустройство после испытательного срока (6 мес. ГПХ договор);   мы поощряем предложение идей и желание развиваться;   стабильную заработную плату без опозданий и задержек;   гибкий график работы: учитываем твои пожелания;   возможность расти в соответствии с прозрачной системой грейдов;   уютный офис в 5 минутах от метро Ладожская;   компенсацию обедов с помощью системы ""Наланч"".  ",2021-12-16,['Git']
